Size,Time
10,0.00301
20,0.005987
30,0.008511
50,0.018
100,0.069071
200,0.250057
300,0.730438
500,1.73163
1000,6.78268
2000,25.8174
3000,56.3313
